Feature Name,Northmost Latitude,Southmost Latitude,Eastmost Longitude,Westmost Longitude,Center Latitude,Center Longitude,URL
Aaru,10.00,10.00,340.00,340.00,10.00,340.00,https://planetarynames.wr.usgs.gov/Feature/6981
Abaya Lacus,73.70,72.75,43.39,48.00,73.17,45.55,https://planetarynames.wr.usgs.gov/Feature/14314
Adiri,-10.00,-10.00,210.00,210.00,-10.00,210.00,https://planetarynames.wr.usgs.gov/Feature/6982
Afekan,25.80,25.80,200.30,200.30,25.80,200.30,https://planetarynames.wr.usgs.gov/Feature/14450
Akmena Lacus,85.40,84.70,53.00,58.80,85.10,55.60,https://planetarynames.wr.usgs.gov/Feature/15634
Albano Lacus,66.00,65.90,236.20,236.50,65.90,236.40,https://planetarynames.wr.usgs.gov/Feature/14769
Anbus Labyrinthus,40.40,38.00,213.30,216.60,39.20,215.00,https://planetarynames.wr.usgs.gov/Feature/15540
Angmar Montes,-9.50,-10.50,219.30,224.60,-10.00,221.90,https://planetarynames.wr.usgs.gov/Feature/14892
Annecy Lacus,76.90,76.60,128.20,129.80,76.80,128.90,https://planetarynames.wr.usgs.gov/Feature/15592
Antilia Faculae,-9.00,-14.00,184.00,190.00,-11.00,187.00,https://planetarynames.wr.usgs.gov/Feature/7001
Apanohuaya Flumen,84.06,84.52,292.69,301.78,84.29,297.24,https://planetarynames.wr.usgs.gov/Feature/15901
Ara Fluctus,40.40,39.60,117.60,119.00,39.80,118.40,https://planetarynames.wr.usgs.gov/Feature/14274
Arala Lacus,78.20,78.00,124.40,125.40,78.10,124.90,https://planetarynames.wr.usgs.gov/Feature/15595
Arnar Sinus,73.70,71.60,321.00,324.00,72.60,322.00,https://planetarynames.wr.usgs.gov/Feature/15294
Arrakis Planitia,-74.70,-80.80,113.10,134.60,-78.40,117.00,https://planetarynames.wr.usgs.gov/Feature/14656
Arwen Colles,-7.20,-7.80,259.20,260.60,-7.50,260.00,https://planetarynames.wr.usgs.gov/Feature/15072
Atacama Lacuna,68.50,67.70,226.80,228.00,68.20,227.60,https://planetarynames.wr.usgs.gov/Feature/14785
Atitlán Lacus,69.40,69.10,238.30,239.20,69.30,238.80,https://planetarynames.wr.usgs.gov/Feature/14770
Aura Undae,17.24,10.43,220.73,231.98,13.79,226.86,https://planetarynames.wr.usgs.gov/Feature/15360
Avacha Sinus,83.36,82.37,332.92,337.94,82.87,335.43,https://planetarynames.wr.usgs.gov/Feature/15902
Aztlan,-10.00,-10.00,20.00,20.00,-10.00,20.00,https://planetarynames.wr.usgs.gov/Feature/6983
Bacab Virgae,-15.00,-23.00,148.00,157.00,-19.00,151.00,https://planetarynames.wr.usgs.gov/Feature/7021
Baffin Sinus,81.10,79.45,337.59,352.15,80.35,344.62,https://planetarynames.wr.usgs.gov/Feature/15708
Balaton Lacus,83.30,82.60,84.50,89.70,82.90,87.50,https://planetarynames.wr.usgs.gov/Feature/15631
Bayta Fretum,74.60,71.50,306.00,316.90,73.00,311.20,https://planetarynames.wr.usgs.gov/Feature/15285
Bazaruto Facula,13.70,8.40,14.30,18.60,11.60,16.10,https://planetarynames.wr.usgs.gov/Feature/6992
Beag,-34.44,-35.04,169.23,169.87,-34.74,169.55,https://planetarynames.wr.usgs.gov/Feature/15312
Belet,-5.00,-5.00,255.00,255.00,-5.00,255.00,https://planetarynames.wr.usgs.gov/Feature/6984
Bermoothes Insula,67.80,66.00,314.30,318.90,67.10,317.10,https://planetarynames.wr.usgs.gov/Feature/15278
Bilbo Colles,-3.58,-4.76,36.52,40.38,-4.23,38.56,https://planetarynames.wr.usgs.gov/Feature/15073
Bimini Insula,73.70,72.90,304.70,306.00,73.30,305.40,https://planetarynames.wr.usgs.gov/Feature/15275
Bolsena Lacus,76.93,74.68,6.25,14.49,75.75,10.28,https://planetarynames.wr.usgs.gov/Feature/14315
Boni Sinus,79.08,78.08,342.92,348.02,78.69,345.38,https://planetarynames.wr.usgs.gov/Feature/15710
Boreas Undae,-4.70,-7.40,212.50,217.70,-6.00,215.00,https://planetarynames.wr.usgs.gov/Feature/14898
Bralgu Insulae,76.80,75.70,249.50,253.30,76.20,251.50,https://planetarynames.wr.usgs.gov/Feature/15282
Brienz Lacus,85.90,84.90,38.10,48.90,85.30,43.80,https://planetarynames.wr.usgs.gov/Feature/15635
Buada Lacus,76.50,76.30,129.20,129.90,76.40,129.60,https://planetarynames.wr.usgs.gov/Feature/15591
Buyan Insula,77.80,76.80,243.30,247.70,77.30,245.10,https://planetarynames.wr.usgs.gov/Feature/15281
Buzzell Planitia,-61.60,-76.50,242.10,287.50,-66.30,262.70,https://planetarynames.wr.usgs.gov/Feature/15478
Caladan Planitia,56.00,10.50,195.00,269.00,31.00,226.00,https://planetarynames.wr.usgs.gov/Feature/15261
Cardiel Lacus,70.20,70.20,206.50,206.50,70.20,206.50,https://planetarynames.wr.usgs.gov/Feature/14853
Cayuga Lacus,70.00,69.50,229.30,230.60,69.80,230.00,https://planetarynames.wr.usgs.gov/Feature/14771
Celadon Flumina,-72.30,-74.50,24.70,32.25,-73.70,28.80,https://planetarynames.wr.usgs.gov/Feature/15263
Cerknica Lacuna,72.16,70.08,177.27,173.58,71.12,175.56,https://planetarynames.wr.usgs.gov/Feature/16060
Chapala Lacus,72.95,72.47,141.82,143.52,142.63,72.47,https://planetarynames.wr.usgs.gov/Feature/16281
Chilwa Lacus,75.20,74.80,130.80,132.10,75.00,131.30,https://planetarynames.wr.usgs.gov/Feature/15585
Ching-tu,-30.00,-30.00,205.00,205.00,-30.00,205.00,https://planetarynames.wr.usgs.gov/Feature/6985
Chusuk Planitia,-5.00,-5.00,23.50,23.50,-5.00,23.50,https://planetarynames.wr.usgs.gov/Feature/14591
Coats Facula,-10.20,-12.10,28.00,30.30,-11.10,29.20,https://planetarynames.wr.usgs.gov/Feature/6993
Concordia Regio,-14.00,-25.00,225.00,260.00,-20.00,241.00,https://planetarynames.wr.usgs.gov/Feature/14922
Corrin Labyrinthus,-64.82,-68.57,24.10,38.18,-66.00,31.00,https://planetarynames.wr.usgs.gov/Feature/15684
Crete Facula,13.20,5.90,141.00,157.00,9.40,150.10,https://planetarynames.wr.usgs.gov/Feature/6994
Crveno Lacus,-79.09,-80.00,182.87,186.97,-79.55,184.91,https://planetarynames.wr.usgs.gov/Feature/15357
Dem Lacus,75.27,74.87,137.28,139.28,75.17,138.41,https://planetarynames.wr.usgs.gov/Feature/16284
Dilmun,15.00,15.00,175.00,175.00,15.00,175.00,https://planetarynames.wr.usgs.gov/Feature/6986
Dilolo Lacus,76.40,76.10,124.00,125.70,76.20,125.00,https://planetarynames.wr.usgs.gov/Feature/15593
Dingle Sinus,82.03,80.47,332.33,339.64,81.36,336.44,https://planetarynames.wr.usgs.gov/Feature/15707
Dolmed Montes,-8.05,-14.60,213.70,218.00,-11.60,216.80,https://planetarynames.wr.usgs.gov/Feature/14893
Doom Mons,-14.00,-15.30,40.00,41.13,-14.65,40.42,https://planetarynames.wr.usgs.gov/Feature/15044
Dridzis Lacus,79.50,78.40,129.70,132.70,78.90,131.30,https://planetarynames.wr.usgs.gov/Feature/15594
Ecaz Labyrinthus,-77.60,-85.60,20.00,62.00,-83.00,36.70,https://planetarynames.wr.usgs.gov/Feature/15258
Echoriath Montes,-6.20,-8.80,204.80,224.50,-7.40,213.80,https://planetarynames.wr.usgs.gov/Feature/14894
Eir Macula,-22.40,-25.50,113.10,116.20,-24.00,114.70,https://planetarynames.wr.usgs.gov/Feature/7004
Elba Facula,-8.00,-13.10,2.80,359.10,-10.80,1.20,https://planetarynames.wr.usgs.gov/Feature/6995
Elivagar Flumina,21.10,17.50,75.90,81.10,19.30,78.50,https://planetarynames.wr.usgs.gov/Feature/14313
Elpis Macula,34.80,29.30,21.60,32.00,31.20,27.00,https://planetarynames.wr.usgs.gov/Feature/7005
Enriquillo Lacus,71.87,70.92,238.52,236.64,71.40,237.59,https://planetarynames.wr.usgs.gov/Feature/16057
Erebor Mons,-4.30,-5.49,35.68,36.67,-4.97,36.23,https://planetarynames.wr.usgs.gov/Feature/15045
Eurus Undae,-6.20,-8.80,208.30,213.80,-7.50,210.30,https://planetarynames.wr.usgs.gov/Feature/14899
Eyre Lacuna,72.80,72.30,224.70,226.00,72.60,225.10,https://planetarynames.wr.usgs.gov/Feature/14786
Fagaloa Sinus,83.25,82.55,318.00,322.50,82.90,320.50,https://planetarynames.wr.usgs.gov/Feature/15946
Faramir Colles,5.00,3.20,152.76,154.40,4.00,153.80,https://planetarynames.wr.usgs.gov/Feature/15074
Feia Lacus,74.00,73.17,62.72,65.94,73.70,64.41,https://planetarynames.wr.usgs.gov/Feature/14316
Fena Lacus,74.74,74.39,139.08,139.86,74.57,139.53,https://planetarynames.wr.usgs.gov/Feature/16283
Fensal,5.00,5.00,30.00,30.00,5.00,30.00,https://planetarynames.wr.usgs.gov/Feature/7011
Flensborg Sinus,65.80,64.60,293.10,298.40,64.90,295.30,https://planetarynames.wr.usgs.gov/Feature/15293
Fogo Lacus,82.20,81.70,95.00,100.10,81.90,98.00,https://planetarynames.wr.usgs.gov/Feature/15629
Forseti,27.14,23.93,8.68,12.13,25.53,10.40,https://planetarynames.wr.usgs.gov/Feature/15311
Freeman Lacus,73.60,73.60,211.10,211.10,73.60,211.10,https://planetarynames.wr.usgs.gov/Feature/14854
Fundy Sinus,84.05,82.46,308.12,323.16,83.26,315.64,https://planetarynames.wr.usgs.gov/Feature/15899
Gabes Sinus,68.70,66.20,285.40,293.90,67.60,289.60,https://planetarynames.wr.usgs.gov/Feature/15292
Gammu Labyrinthus,-76.90,-78.60,245.80,256.80,-77.90,250.00,https://planetarynames.wr.usgs.gov/Feature/15551
Gamont Labyrinthus,57.90,55.99,72.80,77.50,56.80,75.00,https://planetarynames.wr.usgs.gov/Feature/15545
Gandalf Colles,16.07,13.53,208.38,210.74,14.61,209.54,https://planetarynames.wr.usgs.gov/Feature/15351
Ganesa Macula,51.30,48.10,84.60,90.00,50.00,87.30,https://planetarynames.wr.usgs.gov/Feature/6957
Gansireed Labyrinthus,-65.20,-71.40,230.60,247.60,-69.30,239.30,https://planetarynames.wr.usgs.gov/Feature/15550
Garotman Terra,0.00,-21.00,343.00,358.00,-13.50,348.00,https://planetarynames.wr.usgs.gov/Feature/14919
Gatun Lacus,73.43,71.99,180.48,176.47,72.79,178.04,https://planetarynames.wr.usgs.gov/Feature/16061
Genetaska Macula,23.70,23.20,196.10,196.60,23.50,196.30,https://planetarynames.wr.usgs.gov/Feature/15355
Genova Sinus,81.25,79.68,319.68,335.08,80.11,326.61,https://planetarynames.wr.usgs.gov/Feature/15706
Giedi Planitia,7.92,3.04,353.74,360.51,5.22,357.02,https://planetarynames.wr.usgs.gov/Feature/15653
Gihon Flumen,78.07,75.29,212.33,219.35,76.81,215.55,https://planetarynames.wr.usgs.gov/Feature/15949
Ginaz Labyrinthus,84.90,81.70,249.00,280.20,83.00,261.70,https://planetarynames.wr.usgs.gov/Feature/15546
Gram Montes,-9.30,-11.00,205.50,211.20,-9.90,207.90,https://planetarynames.wr.usgs.gov/Feature/14895
Grasmere Lacus,72.50,72.10,101.80,104.20,72.30,103.10,https://planetarynames.wr.usgs.gov/Feature/15627
Grumman Labyrinthus,-30.20,-37.10,99.10,113.90,-35.30,106.80,https://planetarynames.wr.usgs.gov/Feature/15542
Guabonito,-10.20,-11.50,149.80,151.30,-10.90,150.80,https://planetarynames.wr.usgs.gov/Feature/7017
Hagal Planitia,-56.07,-65.43,336.96,354.67,-60.59,344.95,https://planetarynames.wr.usgs.gov/Feature/15467
Hammar Lacus,49.40,47.60,306.29,312.69,48.60,308.29,https://planetarynames.wr.usgs.gov/Feature/15179
Handir Colles,10.87,9.23,355.35,357.65,10.00,356.68,https://planetarynames.wr.usgs.gov/Feature/15075
Hano,41.40,39.20,343.60,346.40,40.30,345.10,https://planetarynames.wr.usgs.gov/Feature/14902
Hardin Fretum,59.40,54.90,314.10,321.40,57.30,317.80,https://planetarynames.wr.usgs.gov/Feature/15286
Harmonthep Labyrinthus,-70.64,-73.91,87.73,114.76,-72.30,101.40,https://planetarynames.wr.usgs.gov/Feature/15686
Hawaiki Insulae,84.50,84.06,323.07,330.29,84.32,327.07,https://planetarynames.wr.usgs.gov/Feature/15945
Hetpet Regio,-15.50,-28.00,278.00,304.00,-22.00,292.00,https://planetarynames.wr.usgs.gov/Feature/14923
Hlawga Lacus,76.90,76.30,102.20,105.10,76.60,103.60,https://planetarynames.wr.usgs.gov/Feature/15628
Hobal Virga,-33.00,-38.00,150.00,183.00,-35.00,166.00,https://planetarynames.wr.usgs.gov/Feature/7007
Hotei Arcus,-23.00,-29.00,72.00,86.00,-28.00,79.00,https://planetarynames.wr.usgs.gov/Feature/7012
Hotei Regio,-26.00,-26.00,78.00,78.00,-26.00,78.00,https://planetarynames.wr.usgs.gov/Feature/14568
Hubur Flumen,-69.79,-70.94,191.58,194.38,-70.24,192.85,https://planetarynames.wr.usgs.gov/Feature/15470
Hufaidh Insulae,67.80,65.90,316.80,324.00,67.00,320.30,https://planetarynames.wr.usgs.gov/Feature/15279
Huygens Landing Site,-10.576,-10.576,167.547,167.547,-10.576,167.547,https://pds-imaging.jpl.nasa.gov/documentation/Cassini_RADAR_Users_Guide_2nd_Ed_191004_cmp_200421.pdf#page=165
Ihi,-7.40,-8.29,164.75,165.46,-7.82,165.12,https://planetarynames.wr.usgs.gov/Feature/16274
Ihotry Lacus,76.50,75.70,136.20,138.20,76.10,137.20,https://planetarynames.wr.usgs.gov/Feature/15581
Imogene Lacus,71.50,70.70,110.80,112.70,71.10,111.80,https://planetarynames.wr.usgs.gov/Feature/15599
Ipyr Labyrinthus,86.65,85.83,280.42,300.50,86.24,289.00,https://planetarynames.wr.usgs.gov/Feature/15942
Irensaga Montes,-5.00,-6.65,210.54,214.73,-5.68,212.71,https://planetarynames.wr.usgs.gov/Feature/15046
Jerid Lacuna,67.20,66.10,220.20,221.70,66.70,221.00,https://planetarynames.wr.usgs.gov/Feature/14787
Jingpo Lacus,76.00,71.00,333.00,346.00,73.00,336.00,https://planetarynames.wr.usgs.gov/Feature/14655
Junction Labyrinthus,-42.50,-52.90,209.10,221.40,-47.70,215.30,https://planetarynames.wr.usgs.gov/Feature/15544
Junín Lacus,67.00,66.80,236.70,237.20,66.90,236.90,https://planetarynames.wr.usgs.gov/Feature/14772
Kaitain Labyrinthus,53.55,50.70,345.50,352.00,52.37,348.66,https://planetarynames.wr.usgs.gov/Feature/15259
Kalseru Virga,-29.00,-41.00,131.00,139.00,-36.00,137.00,https://planetarynames.wr.usgs.gov/Feature/7008
Karakul Lacus,86.50,86.10,54.10,59.30,86.30,56.60,https://planetarynames.wr.usgs.gov/Feature/15633
Karesos Flumen,-70.04,-71.20,192.60,196.82,-70.90,194.75,https://planetarynames.wr.usgs.gov/Feature/15469
Kayangan Lacus,-86.22,-86.38,201.33,203.01,-86.30,202.17,https://planetarynames.wr.usgs.gov/Feature/15463
Kerguelen Facula,-4.30,-7.40,149.50,152.50,-5.40,151.00,https://planetarynames.wr.usgs.gov/Feature/6996
Kivu Lacus,87.50,86.40,104.00,132.40,87.00,121.00,https://planetarynames.wr.usgs.gov/Feature/14504
Koitere Lacus,79.90,78.80,33.27,40.00,79.40,36.14,https://planetarynames.wr.usgs.gov/Feature/14317
Kokytos Flumina,74.77,69.80,246.00,263.00,72.21,255.00,https://planetarynames.wr.usgs.gov/Feature/15950
Kraken Mare,81.00,55.00,274.00,335.00,68.00,310.00,https://planetarynames.wr.usgs.gov/Feature/14399
Krocylea Insulae,69.80,68.40,290.50,300.00,69.10,302.40,https://planetarynames.wr.usgs.gov/Feature/15277
Kronin Labyrinthus,-32.27,-37.10,92.80,99.40,-35.70,96.27,https://planetarynames.wr.usgs.gov/Feature/15541
Ksa,14.30,13.70,65.00,65.70,14.00,65.40,https://planetarynames.wr.usgs.gov/Feature/14221
Kumbaru Sinus,58.20,55.80,300.40,307.10,56.80,303.80,https://planetarynames.wr.usgs.gov/Feature/15299
Kutch Lacuna,90.00,86.50,165.47,248.87,88.40,217.00,https://planetarynames.wr.usgs.gov/Feature/15181
Ladoga Lacus,76.30,74.00,22.00,32.00,74.80,26.10,https://planetarynames.wr.usgs.gov/Feature/15117
Lagdo Lacus,75.80,75.10,124.30,126.80,75.50,125.70,https://planetarynames.wr.usgs.gov/Feature/15590
Lampadas Labyrinthus,-78.00,-83.70,93.00,154.00,-81.80,124.00,https://planetarynames.wr.usgs.gov/Feature/15552
Lanao Lacus,71.40,70.60,216.10,218.40,71.00,217.70,https://planetarynames.wr.usgs.gov/Feature/14773
Lankiveil Labyrinthus,-42.50,-52.40,145.60,156.40,-48.20,149.50,https://planetarynames.wr.usgs.gov/Feature/15543
Leilah Fluctus,52.20,48.77,76.00,80.50,50.50,77.80,https://planetarynames.wr.usgs.gov/Feature/14275
Lernaeus Labyrinthus,-81.20,-84.80,131.90,148.00,-83.40,138.00,https://planetarynames.wr.usgs.gov/Feature/15553
Letas Lacus,81.50,81.10,86.90,89.70,81.30,88.20,https://planetarynames.wr.usgs.gov/Feature/15630
Ligeia Mare,82.00,74.00,222.00,276.70,79.70,247.90,https://planetarynames.wr.usgs.gov/Feature/14400
Lithui Montes,85.77,83.75,88.96,145.39,84.68,112.56,https://planetarynames.wr.usgs.gov/Feature/15952
Logtak Lacus,71.00,70.60,225.50,226.70,70.80,226.10,https://planetarynames.wr.usgs.gov/Feature/14774
Luin Montes,82.63,80.72,45.01,22.85,81.98,36.26,https://planetarynames.wr.usgs.gov/Feature/16055
Lulworth Sinus,67.47,66.91,316.20,317.56,67.19,316.88,https://planetarynames.wr.usgs.gov/Feature/15898
Mackay Lacus,80.00,76.66,88.00,106.36,78.32,97.53,https://planetarynames.wr.usgs.gov/Feature/14318
Maizuru Sinus,79.67,77.96,348.52,357.94,78.90,352.53,https://planetarynames.wr.usgs.gov/Feature/15711
Manza Sinus,79.56,79.11,343.42,347.89,79.29,346.10,https://planetarynames.wr.usgs.gov/Feature/15709
Maracaibo Lacus,75.40,75.10,126.80,128.60,75.30,127.70,https://planetarynames.wr.usgs.gov/Feature/15587
Mayda Insula,80.30,77.40,302.70,321.20,79.10,312.20,https://planetarynames.wr.usgs.gov/Feature/14401
Melrhir Lacuna,65.10,64.60,212.10,213.30,64.90,212.60,https://planetarynames.wr.usgs.gov/Feature/14788
Menrva,25.20,16.10,82.50,91.90,20.10,87.20,https://planetarynames.wr.usgs.gov/Feature/7025
Merlock Montes,-8.40,-9.60,209.80,214.20,-8.90,211.80,https://planetarynames.wr.usgs.gov/Feature/14896
Meropis Insula,84.10,83.60,312.33,315.65,83.85,313.68,https://planetarynames.wr.usgs.gov/Feature/15944
Mezzoramia,-70.00,-70.00,0.00,0.00,-70.00,0.00,https://planetarynames.wr.usgs.gov/Feature/6987
Mindanao Facula,-4.00,-8.60,171.70,175.90,-6.60,174.20,https://planetarynames.wr.usgs.gov/Feature/6997
Mindolluin Montes,-1.78,-4.27,205.70,213.23,-3.30,208.96,https://planetarynames.wr.usgs.gov/Feature/15047
Misty Montes,57.34,56.30,61.00,63.95,56.80,62.44,https://planetarynames.wr.usgs.gov/Feature/15048
Mithrim Montes,-1.20,-3.20,126.00,128.90,-2.16,127.42,https://planetarynames.wr.usgs.gov/Feature/15049
Mohini Fluctus,-9.00,-14.45,37.73,42.18,-11.78,38.53,https://planetarynames.wr.usgs.gov/Feature/15043
Momoy,12.00,11.20,44.10,45.00,11.60,44.60,https://planetarynames.wr.usgs.gov/Feature/14903
Montego Sinus,81.51,80.35,136.32,125.60,80.76,130.92,https://planetarynames.wr.usgs.gov/Feature/16053
Moray Sinus,79.70,75.10,274.80,289.20,76.60,281.40,https://planetarynames.wr.usgs.gov/Feature/15289
Moria Montes,15.72,14.41,189.24,191.56,15.05,190.45,https://planetarynames.wr.usgs.gov/Feature/15353
Muritan Labyrinthus,-67.20,-71.20,213.40,225.10,-68.80,219.20,https://planetarynames.wr.usgs.gov/Feature/15549
Muzhwi Lacus,75.10,74.30,125.40,127.30,74.80,126.30,https://planetarynames.wr.usgs.gov/Feature/15586
Mweru Lacus,72.10,71.60,131.20,132.50,71.90,131.80,https://planetarynames.wr.usgs.gov/Feature/15572
Mystis,0.25,-0.10,194.66,195.05,0.07,194.86,https://planetarynames.wr.usgs.gov/Feature/15356
Müggel Lacus,85.50,82.69,174.70,218.00,84.44,203.50,https://planetarynames.wr.usgs.gov/Feature/15180
Mývatn Lacus,78.90,77.70,132.30,138.45,78.19,135.28,https://planetarynames.wr.usgs.gov/Feature/14319
Nakuru Lacuna,67.12,65.25,88.75,98.25,65.81,94.00,https://planetarynames.wr.usgs.gov/Feature/15182
Naraj Labyrinthus,-73.70,-75.70,31.90,41.00,-74.20,35.80,https://planetarynames.wr.usgs.gov/Feature/15547
Nath,-29.50,-31.60,6.50,8.80,-30.50,7.70,https://planetarynames.wr.usgs.gov/Feature/7018
Neagh Lacus,81.83,80.14,26.58,37.91,81.11,32.16,https://planetarynames.wr.usgs.gov/Feature/14320
Negra Lacus,75.70,75.40,128.40,129.40,75.50,128.90,https://planetarynames.wr.usgs.gov/Feature/15588
Ngami Lacuna,67.10,66.40,213.50,214.20,66.70,213.90,https://planetarynames.wr.usgs.gov/Feature/14789
Nicobar Faculae,7.00,-2.00,151.00,163.00,2.00,159.00,https://planetarynames.wr.usgs.gov/Feature/7002
Nicoya Sinus,75.70,74.00,245.50,256.10,74.80,251.20,https://planetarynames.wr.usgs.gov/Feature/15296
Nimloth Colles,12.80,11.00,150.50,151.78,11.86,151.30,https://planetarynames.wr.usgs.gov/Feature/15076
Niushe Labyrinthus,76.78,73.21,80.32,95.92,75.10,88.10,https://planetarynames.wr.usgs.gov/Feature/15685
Notus Undae,-7.90,-15.10,207.00,213.90,-10.00,211.10,https://planetarynames.wr.usgs.gov/Feature/14901
Oahu Facula,9.00,-1.50,163.20,169.20,5.00,166.70,https://planetarynames.wr.usgs.gov/Feature/7013
Ochumare Regio,15.40,5.42,337.74,358.51,10.40,348.10,https://planetarynames.wr.usgs.gov/Feature/15682
Ohrid Lacus,72.00,71.60,221.40,222.70,71.80,221.90,https://planetarynames.wr.usgs.gov/Feature/14775
Okahu Sinus,74.50,72.70,285.90,287.80,73.70,282.00,https://planetarynames.wr.usgs.gov/Feature/15290
Olomega Lacus,78.80,78.50,121.30,122.90,78.70,122.20,https://planetarynames.wr.usgs.gov/Feature/15596
Omacatl Macula,20.70,16.30,33.70,38.70,17.60,37.20,https://planetarynames.wr.usgs.gov/Feature/7006
Oneida Lacus,76.40,76.00,129.40,134.00,76.14,131.83,https://planetarynames.wr.usgs.gov/Feature/14321
Onogoro Insula,83.47,83.10,310.90,312.40,83.28,311.70,https://planetarynames.wr.usgs.gov/Feature/15943
Ontario Lacus,-72.00,-72.00,183.00,183.00,-72.00,183.00,https://planetarynames.wr.usgs.gov/Feature/7003
Orog Lacuna,71.37,70.45,173.45,170.93,70.85,172.06,https://planetarynames.wr.usgs.gov/Feature/16056
Paititi Terra,25.23,7.90,223.53,273.19,20.22,249.39,https://planetarynames.wr.usgs.gov/Feature/16316
Palma Labyrinthus,-72.00,-72.90,28.30,33.40,-72.40,31.00,https://planetarynames.wr.usgs.gov/Feature/15548
Patos Sinus,78.10,76.40,219.90,229.50,77.20,224.80,https://planetarynames.wr.usgs.gov/Feature/15301
Paxsi,6.70,3.70,339.80,342.60,5.00,341.20,https://planetarynames.wr.usgs.gov/Feature/14781
Penglai Insula,72.90,71.40,306.00,311.60,72.20,308.70,https://planetarynames.wr.usgs.gov/Feature/15274
Perkunas Virgae,-23.00,-31.00,150.00,175.00,-27.00,162.00,https://planetarynames.wr.usgs.gov/Feature/7022
Phewa Lacus,72.30,72.10,123.80,124.30,72.20,124.00,https://planetarynames.wr.usgs.gov/Feature/15583
Pielinen Lacus,72.01,70.66,182.56,176.76,71.34,179.66,https://planetarynames.wr.usgs.gov/Feature/16059
Planctae Insulae,78.10,77.00,248.60,255.00,77.50,251.30,https://planetarynames.wr.usgs.gov/Feature/15280
Polaznik Macula,-39.80,-43.00,276.10,285.50,-41.10,280.40,https://planetarynames.wr.usgs.gov/Feature/14657
Polelya Macula,51.50,48.30,54.00,58.25,50.00,56.00,https://planetarynames.wr.usgs.gov/Feature/14278
Poritrin Planitia,57.00,28.00,0.00,58.00,48.00,24.00,https://planetarynames.wr.usgs.gov/Feature/15262
Prespa Lacus,73.50,72.80,134.30,137.40,73.10,135.70,https://planetarynames.wr.usgs.gov/Feature/15576
Puget Sinus,83.60,81.60,234.00,247.80,82.40,241.10,https://planetarynames.wr.usgs.gov/Feature/15298
Punga Mare,89.00,82.20,72.00,287.00,85.10,339.70,https://planetarynames.wr.usgs.gov/Feature/14505
Qinghai Lacus,83.80,83.10,47.80,56.10,83.40,51.50,https://planetarynames.wr.usgs.gov/Feature/15637
Quilotoa Lacus,80.40,80.10,119.40,120.80,80.30,120.10,https://planetarynames.wr.usgs.gov/Feature/15598
Quivira,0.00,0.00,15.00,15.00,0.00,15.00,https://planetarynames.wr.usgs.gov/Feature/6988
Racetrack Lacuna,66.20,66.00,224.60,225.20,66.10,224.90,https://planetarynames.wr.usgs.gov/Feature/14790
Rannoch Lacus,74.80,73.50,127.30,131.60,74.20,129.30,https://planetarynames.wr.usgs.gov/Feature/15584
Rerir Montes,-4.40,-5.20,208.30,216.50,-4.80,212.10,https://planetarynames.wr.usgs.gov/Feature/14897
Richese Labyrinthus,44.30,39.70,198.00,201.80,41.80,199.00,https://planetarynames.wr.usgs.gov/Feature/15260
Robino Lacus,74.39,74.18,140.06,140.84,74.28,140.46,https://planetarynames.wr.usgs.gov/Feature/16282
Roca Lacus,80.30,79.40,121.20,125.50,79.80,123.50,https://planetarynames.wr.usgs.gov/Feature/15597
Rohe Fluctus,47.75,47.00,36.20,39.50,47.30,37.75,https://planetarynames.wr.usgs.gov/Feature/14276
Rombaken Sinus,76.00,74.60,229.30,237.20,75.30,232.90,https://planetarynames.wr.usgs.gov/Feature/15295
Romo Planitia,-77.81,-87.08,167.10,218.84,-82.79,200.96,https://planetarynames.wr.usgs.gov/Feature/15465
Rossak Planitia,-66.40,-75.89,341.37,8.67,-71.04,355.00,https://planetarynames.wr.usgs.gov/Feature/15466
Royllo Insula,69.20,67.10,294.20,300.50,68.30,297.20,https://planetarynames.wr.usgs.gov/Feature/15276
Rukwa Lacus,75.10,74.30,133.70,136.20,74.80,134.80,https://planetarynames.wr.usgs.gov/Feature/15580
Rwegura Lacus,71.70,71.30,104.50,106.00,71.50,105.20,https://planetarynames.wr.usgs.gov/Feature/15603
Saldanha Sinus,82.55,82.29,321.00,324.00,82.42,322.50,https://planetarynames.wr.usgs.gov/Feature/15947
Salusa Labyrinthus,46.89,44.18,262.43,266.07,45.60,264.20,https://planetarynames.wr.usgs.gov/Feature/15683
Sambation Flumina,88.33,85.55,78.56,130.63,87.33,90.12,https://planetarynames.wr.usgs.gov/Feature/15951
Santorini Facula,3.20,1.50,144.20,147.00,2.40,145.60,https://planetarynames.wr.usgs.gov/Feature/6998
Saraswati Flumen,-72.40,-77.20,186.48,202.21,-74.55,193.51,https://planetarynames.wr.usgs.gov/Feature/15468
Sarygamysh Lacus,84.85,84.44,105.19,102.76,84.64,103.92,https://planetarynames.wr.usgs.gov/Feature/16062
Seldon Fretum,66.50,65.20,314.90,318.50,66.00,316.60,https://planetarynames.wr.usgs.gov/Feature/15283
Selk,7.00,7.00,199.00,199.00,7.00,199.00,https://planetarynames.wr.usgs.gov/Feature/14334
Senkyo,-5.00,-5.00,320.00,320.00,-5.00,320.00,https://planetarynames.wr.usgs.gov/Feature/6989
Sevan Lacus,70.20,69.10,224.40,226.60,69.70,225.60,https://planetarynames.wr.usgs.gov/Feature/14776
Shangri-La,-10.00,-10.00,165.00,165.00,-10.00,165.00,https://planetarynames.wr.usgs.gov/Feature/6990
Shikoku Facula,-7.00,-13.30,161.90,166.60,-10.40,164.10,https://planetarynames.wr.usgs.gov/Feature/6999
Shiwanni Virgae,-22.00,-28.00,15.00,49.00,-25.00,32.00,https://planetarynames.wr.usgs.gov/Feature/7009
Shoji Lacus,-79.68,-79.81,166.00,166.74,-79.74,166.37,https://planetarynames.wr.usgs.gov/Feature/15464
Sikun Labyrinthus,-75.80,-79.40,24.40,38.00,-77.90,28.90,https://planetarynames.wr.usgs.gov/Feature/14629
Sinlap,12.10,10.40,15.10,16.90,11.30,16.00,https://planetarynames.wr.usgs.gov/Feature/7026
Sionascaig Lacus,-40.57,-42.46,276.00,280.23,-41.52,278.12,https://planetarynames.wr.usgs.gov/Feature/15095
Skelton Sinus,77.70,76.10,313.00,317.40,76.80,314.90,https://planetarynames.wr.usgs.gov/Feature/15287
Soi,25.00,23.50,140.00,141.80,24.30,140.90,https://planetarynames.wr.usgs.gov/Feature/14925
Sotonera Lacus,77.00,76.20,14.72,20.26,76.75,17.49,https://planetarynames.wr.usgs.gov/Feature/14322
Sotra Patera,-14.18,-14.98,39.74,40.46,-14.54,40.00,https://planetarynames.wr.usgs.gov/Feature/15077
Sparrow Lacus,85.00,83.60,58.20,72.30,84.30,64.70,https://planetarynames.wr.usgs.gov/Feature/14323
Suwa Lacus,74.30,74.00,134.90,135.60,74.10,135.20,https://planetarynames.wr.usgs.gov/Feature/15579
Synevyr Lacus,81.30,80.60,51.40,55.60,81.00,53.60,https://planetarynames.wr.usgs.gov/Feature/15638
Taniquetil Montes,-2.90,-4.16,211.84,214.77,-3.67,213.26,https://planetarynames.wr.usgs.gov/Feature/15050
Tasmania Facula,10.23,10.57,167.66,167.09,10.41,167.37,https://planetarynames.wr.usgs.gov/Feature/16063
Taupo Lacus,72.90,72.40,131.60,133.50,72.70,132.60,https://planetarynames.wr.usgs.gov/Feature/15574
Tengiz Lacus,73.60,72.70,103.30,108.60,73.20,105.60,https://planetarynames.wr.usgs.gov/Feature/15604
Texel Facula,-10.00,-12.70,180.30,184.60,-11.50,182.60,https://planetarynames.wr.usgs.gov/Feature/7015
Tibi Lacus,77.19,76.18,134.17,136.94,76.65,135.75,https://planetarynames.wr.usgs.gov/Feature/16285
Tishtrya Virgae,25.89,22.06,176.62,182.52,23.84,179.75,https://planetarynames.wr.usgs.gov/Feature/15352
Tlaloc Virgae,28.54,19.36,200.12,214.80,23.73,207.70,https://planetarynames.wr.usgs.gov/Feature/15354
Tleilax Labyrinthus,-45.80,-50.30,13.00,18.40,-48.00,16.00,https://planetarynames.wr.usgs.gov/Feature/15539
Toba Lacus,71.20,70.70,107.60,108.40,70.90,108.10,https://planetarynames.wr.usgs.gov/Feature/15600
Tollan Terra,12.80,0.40,314.00,331.00,6.40,322.70,https://planetarynames.wr.usgs.gov/Feature/14920
Tortola Facula,9.20,8.00,142.50,143.80,8.80,143.10,https://planetarynames.wr.usgs.gov/Feature/7016
Totak Lacus,74.23,73.79,226.27,225.36,74.03,225.99,https://planetarynames.wr.usgs.gov/Feature/16058
Towada Lacus,71.68,71.15,243.80,245.40,71.40,244.20,https://planetarynames.wr.usgs.gov/Feature/14855
Trevize Fretum,75.20,73.10,262.30,276.60,74.40,269.90,https://planetarynames.wr.usgs.gov/Feature/15284
Trichonida Lacus,81.50,81.10,63.40,67.80,81.30,65.30,https://planetarynames.wr.usgs.gov/Feature/15636
Trold Sinus,72.20,70.20,289.00,296.30,71.30,292.70,https://planetarynames.wr.usgs.gov/Feature/15291
Tsegihi,-40.00,-40.00,10.00,10.00,-40.00,10.00,https://planetarynames.wr.usgs.gov/Feature/6991
Tsiipiya Terra,6.54,-0.75,333.77,346.54,2.83,340.12,https://planetarynames.wr.usgs.gov/Feature/15654
Tsomgo Lacus,-85.58,-87.08,154.31,171.36,-86.37,162.41,https://planetarynames.wr.usgs.gov/Feature/15462
Tui Regio,-18.90,-31.60,109.80,137.80,-24.50,124.90,https://planetarynames.wr.usgs.gov/Feature/7020
Tumaco Sinus,82.86,82.23,314.55,316.17,82.55,315.22,https://planetarynames.wr.usgs.gov/Feature/15948
Tunu Sinus,80.70,77.80,292.00,305.00,79.20,299.80,https://planetarynames.wr.usgs.gov/Feature/15288
Tupile Labyrinthus,-79.50,-81.40,30.10,35.20,-80.50,32.20,https://planetarynames.wr.usgs.gov/Feature/15358
Uanui Virgae,51.50,36.60,221.40,251.10,45.20,235.30,https://planetarynames.wr.usgs.gov/Feature/14658
Urmia Lacus,-38.97,-39.57,276.17,276.93,-39.27,276.55,https://planetarynames.wr.usgs.gov/Feature/15096
Uvs Lacus,69.90,69.30,244.80,246.60,69.60,245.70,https://planetarynames.wr.usgs.gov/Feature/14777
Uyuni Lacuna,66.60,65.90,227.80,228.90,66.30,228.40,https://planetarynames.wr.usgs.gov/Feature/14791
Vaca Lacus,77.41,76.59,129.81,133.89,77.00,131.93,https://planetarynames.wr.usgs.gov/Feature/16286
Van Lacus,74.60,73.90,136.10,138.50,74.20,137.30,https://planetarynames.wr.usgs.gov/Feature/15577
Veles,2.40,1.60,136.90,137.80,2.00,137.30,https://planetarynames.wr.usgs.gov/Feature/7019
Veliko Lacuna,-76.00,-78.00,31.60,35.10,-76.80,33.10,https://planetarynames.wr.usgs.gov/Feature/15359
Vid Flumina,74.10,71.30,239.70,245.50,72.90,242.25,https://planetarynames.wr.usgs.gov/Feature/15088
Viedma Lacus,72.40,71.50,124.80,127.30,72.00,125.70,https://planetarynames.wr.usgs.gov/Feature/15582
Vis Facula,8.30,5.50,136.30,141.40,7.00,138.40,https://planetarynames.wr.usgs.gov/Feature/7000
Vänern Lacus,70.80,69.90,222.00,223.90,70.40,223.10,https://planetarynames.wr.usgs.gov/Feature/14778
Waikare Lacus,82.20,81.00,123.70,128.30,81.60,126.00,https://planetarynames.wr.usgs.gov/Feature/14324
Wakasa Sinus,82.00,79.00,263.40,277.60,80.70,270.00,https://planetarynames.wr.usgs.gov/Feature/15297
Walvis Sinus,60.60,55.30,320.30,327.90,58.20,324.10,https://planetarynames.wr.usgs.gov/Feature/15300
Weija Lacus,68.94,68.59,327.31,328.04,68.77,327.68,https://planetarynames.wr.usgs.gov/Feature/15900
Winia Fluctus,52.00,46.50,41.00,49.20,49.00,46.00,https://planetarynames.wr.usgs.gov/Feature/14277
Winnipeg Lacus,78.72,77.53,150.82,156.77,78.05,153.31,https://planetarynames.wr.usgs.gov/Feature/15722
Woytchugga Lacuna,73.00,67.12,97.25,122.20,68.88,109.00,https://planetarynames.wr.usgs.gov/Feature/15183
Xanadu,10.00,-40.00,65.00,150.00,-15.00,100.00,https://planetarynames.wr.usgs.gov/Feature/6958
Xanthus Flumen,83.75,82.78,236.62,245.29,83.47,242.76,https://planetarynames.wr.usgs.gov/Feature/15436
Xolotlán Lacus,83.10,81.80,68.60,75.90,82.30,72.90,https://planetarynames.wr.usgs.gov/Feature/15632
Xuttah Planitia,10.46,10.74,167.90,167.48,10.60,167.69,https://planetarynames.wr.usgs.gov/Feature/16064
Yalaing Terra,-13.00,-26.00,313.00,335.00,-19.50,324.00,https://planetarynames.wr.usgs.gov/Feature/14921
Yessey Lacus,73.20,72.80,109.80,111.70,73.00,110.80,https://planetarynames.wr.usgs.gov/Feature/15601
Yojoa Lacus,78.30,77.50,51.20,56.70,78.10,54.10,https://planetarynames.wr.usgs.gov/Feature/15639
Ypoa Lacus,73.90,73.10,131.20,133.30,73.40,132.20,https://planetarynames.wr.usgs.gov/Feature/15578
Zaza Lacus,72.70,72.10,105.60,107.70,72.40,106.90,https://planetarynames.wr.usgs.gov/Feature/15602
Zephyrus Undae,-7.40,-10.10,215.80,219.00,-8.50,217.10,https://planetarynames.wr.usgs.gov/Feature/14900
Zub Lacus,71.90,71.50,101.90,103.20,71.70,102.60,https://planetarynames.wr.usgs.gov/Feature/15626
